Country Name,Year,Per Capita GDP
Azerbaijan,1993,209.4785718
Armenia,1993,347.4664633
Belarus,1993,1590.088117
Kazakhstan,1993,1429.078177
Moldova,1993,0
Kyrgyz Republic,1993,449.0657902
Tajikistan,1993,287.5798132
Turkmenistan,1993,788.5575627
Uzbekistan,1993,596.9835856
Azerbaijan,1994,157.0860591
Armenia,1994,389.8252865
Belarus,1994,1460.0655
Kazakhstan,1994,1316.183629
Moldova,1994,0
Kyrgyz Republic,1994,372.30781
Tajikistan,1994,261.6813963
Turkmenistan,1994,619.6698961
Uzbekistan,1994,576.4471105
Azerbaijan,1995,314.5612263
Armenia,1995,441.8940018
Belarus,1995,1370.699283
Kazakhstan,1995,1288.188519
Moldova,1995,593.586593
Kyrgyz Republic,1995,364.2264974
Tajikistan,1995,208.0805555
Turkmenistan,1995,587.2840894
Uzbekistan,1995,585.9323642
Azerbaijan,1996,409.1631891
Armenia,1996,484.091641
Belarus,1996,1452.507105
Kazakhstan,1996,1350.30567
Moldova,1996,575.1454551
Kyrgyz Republic,1996,394.8601215
Tajikistan,1996,172.9164992
Turkmenistan,1996,553.0594143
Uzbekistan,1996,600.5981578
Azerbaijan,1997,505.5003493
Armenia,1997,501.1565152
Belarus,1997,1396.442019
Kazakhstan,1997,1445.503237
Moldova,1997,657.2921346
Kyrgyz Republic,1997,376.4296133
Tajikistan,1997,150.6558312
Turkmenistan,1997,561.533872
Uzbekistan,1997,623.0026524
Azerbaijan,1998,561.9068079
Armenia,1998,584.3842673
Belarus,1998,1511.325316
Kazakhstan,1998,1468.669291
Moldova,1998,578.7346276
Kyrgyz Republic,1998,345.1381316
Tajikistan,1998,214.4362345
Turkmenistan,1998,587.9900867
Uzbekistan,1998,623.2161328
Azerbaijan,1999,573.9165123
Armenia,1999,575.6284792
Belarus,1999,1210.61172
Kazakhstan,1999,1130.117844
Moldova,1999,399.4998186
Kyrgyz Republic,1999,258.0492288
Tajikistan,1999,175.5543835
Turkmenistan,1999,544.4393372
Uzbekistan,1999,702.4807441
Azerbaijan,2000,655.1199452
Armenia,2000,603.2980252
Belarus,2000,1276.288034
Kazakhstan,2000,1229.001247
Moldova,2000,440.538684
Kyrgyz Republic,2000,279.6195693
Tajikistan,2000,137.1786057
Turkmenistan,2000,635.7143118
Uzbekistan,2000,558.2268024
Azerbaijan,2001,703.6838434
Armenia,2001,676.1500113
Belarus,2001,1244.373185
Kazakhstan,2001,1490.92709
Moldova,2001,507.4040763
Kyrgyz Republic,2001,308.4096116
Tajikistan,2001,168.6380009
Turkmenistan,2001,762.6175265
Uzbekistan,2001,456.7062895
Azerbaijan,2002,763.080638
Armenia,2002,765.3161777
Belarus,2002,1479.314583
Kazakhstan,2002,1658.030785
Moldova,2002,570.7998662
Kyrgyz Republic,2002,321.7270332
Tajikistan,2002,186.665627
Turkmenistan,2002,949.5656278
Uzbekistan,2002,383.343068
Azerbaijan,2003,883.7339715
Armenia,2003,910.1712617
Belarus,2003,1819.766059
Kazakhstan,2003,2068.123979
Moldova,2003,682.319096
Kyrgyz Republic,2003,380.5064324
Tajikistan,2003,233.091549
Turkmenistan,2003,1256.057144
Uzbekistan,2003,396.377979
Azerbaijan,2004,1045.009379
Armenia,2004,1166.638204
Belarus,2004,2378.623286
Kazakhstan,2004,2874.288483
Moldova,2004,897.1784947
Kyrgyz Republic,2004,433.2349766
Tajikistan,2004,305.2668999
Turkmenistan,2004,1418.806266
Uzbekistan,2004,465.1198869
Azerbaijan,2005,1578.40239
Armenia,2005,1608.163552
Belarus,2005,3125.810535
Kazakhstan,2005,3771.278957
Moldova,2005,1034.39403
Kyrgyz Republic,2005,476.55213
Tajikistan,2005,333.7103692
Turkmenistan,2005,1658.672779
Uzbekistan,2005,546.7768502
Azerbaijan,2006,2473.081819
Armenia,2006,2109.526231
Belarus,2006,3847.434124
Kazakhstan,2006,5291.575305
Moldova,2006,1183.021031
Kyrgyz Republic,2006,543.1107024
Tajikistan,2006,401.0278425
Turkmenistan,2006,2074.407389
Uzbekistan,2006,654.2838373
Azerbaijan,2007,3851.437869
Armenia,2007,3064.280106
Belarus,2007,4735.657608
Kazakhstan,2007,6771.414797
Moldova,2007,1531.221862
Kyrgyz Republic,2007,721.7686908
Tajikistan,2007,517.4323674
Turkmenistan,2007,2520.285026
Uzbekistan,2007,830.4076942
Azerbaijan,2008,5574.603802
Armenia,2008,3908.94906
Belarus,2008,6377.369732
Kazakhstan,2008,8458.017154
Moldova,2008,2110.56199
Kyrgyz Republic,2008,966.3936272
Tajikistan,2008,704.6553137
Turkmenistan,2008,3778.668539
Uzbekistan,2008,1082.286025
Azerbaijan,2009,4950.294791
Armenia,2009,2917.366129
Belarus,2009,5352.583912
Kazakhstan,2009,7165.223175
Moldova,2009,1898.435485
Kyrgyz Republic,2009,871.2243893
Tajikistan,2009,666.7226317
Turkmenistan,2009,3901.670283
Uzbekistan,2009,1213.265328
Azerbaijan,2010,5843.533768
Armenia,2010,3143.029202
Belarus,2010,6033.686239
Kazakhstan,2010,9070.488253
Moldova,2010,2436.799359
Kyrgyz Republic,2010,880.0377751
Tajikistan,2010,740.2705562
Turkmenistan,2010,4286.880505
Uzbekistan,2010,1742.349256
Azerbaijan,2011,7189.691229
Armenia,2011,3462.681611
Belarus,2011,6527.173869
Kazakhstan,2011,11634.0012
Moldova,2011,2941.362119
Kyrgyz Republic,2011,1123.883168
Tajikistan,2011,837.8784661
Turkmenistan,2011,5453.155005
Uzbekistan,2011,2051.129515
Azerbaijan,2012,7496.294648
Armenia,2012,3643.715183
Belarus,2012,6953.132515
Kazakhstan,2012,12386.69927
Moldova,2012,3044.808478
Kyrgyz Republic,2012,1177.974735
Tajikistan,2012,959.361905
Turkmenistan,2012,6441.886618
Uzbekistan,2012,2267.623275
Azerbaijan,2013,7875.756953
Armenia,2013,3833.157532
Belarus,2013,7998.125239
Kazakhstan,2013,13890.63096
Moldova,2013,3321.043917
Kyrgyz Republic,2013,1282.437162
Tajikistan,2013,1038.327981
Turkmenistan,2013,7049.797505
Uzbekistan,2013,2419.718703
Azerbaijan,2014,7891.313147
Armenia,2014,4017.229808
Belarus,2014,8341.399679
Kazakhstan,2014,12807.26069
Moldova,2014,3327.786775
Kyrgyz Republic,2014,1279.769783
Tajikistan,2014,1094.422736
Turkmenistan,2014,7685.509859
Uzbekistan,2014,2628.460008
Azerbaijan,2015,5500.310382
Armenia,2015,3666.141876
Belarus,2015,5967.052204
Kazakhstan,2015,10510.77189
Moldova,2015,2731.065584
Kyrgyz Republic,2015,1121.082835
Tajikistan,2015,970.3652238
Turkmenistan,2015,6208.296655
Uzbekistan,2015,2753.971072
Azerbaijan,2016,3880.738731
Armenia,2016,3679.951972
Belarus,2016,5039.681886
Kazakhstan,2016,7714.841844
Moldova,2016,2879.391291
Kyrgyz Republic,2016,1120.666513
Tajikistan,2016,801.3912831
Turkmenistan,2016,6163.253406
Uzbekistan,2016,2704.677188
Azerbaijan,2017,4147.089716
Armenia,2017,4041.995021
Belarus,2017,5785.670673
Kazakhstan,2017,9247.581331
Moldova,2017,3509.64734
Kyrgyz Republic,2017,1242.769643
Tajikistan,2017,844.3693648
Turkmenistan,2017,6354.53283
Uzbekistan,2017,1916.764642
Azerbaijan,2018,4739.84171
Armenia,2018,4391.923697
Belarus,2018,6360.062473
Kazakhstan,2018,9812.626371
Moldova,2018,4232.206888
Kyrgyz Republic,2018,1308.140165
Tajikistan,2018,850.6685075
Turkmenistan,2018,6721.34954
Uzbekistan,2018,1597.068337
Azerbaijan,2019,4805.753718
Armenia,2019,4828.505178
Belarus,2019,6837.717826
Kazakhstan,2019,9812.595808
Moldova,2019,4493.370303
Kyrgyz Republic,2019,1374.032105
Tajikistan,2019,889.0202624
Turkmenistan,2019,7344.648233
Uzbekistan,2019,1784.009816
Azerbaijan,2020,4229.910649
Armenia,2020,4505.867364
Belarus,2020,6542.797491
Kazakhstan,2020,9121.637138
Moldova,2020,4500.624464
Kyrgyz Republic,2020,1182.5217
Tajikistan,2020,852.3336702
Turkmenistan,2020,0
Uzbekistan,2020,1749.655815
Azerbaijan,2021,5387.997975
Armenia,2021,4966.513471
Belarus,2021,7302.257794
Kazakhstan,2021,10373.78979
Moldova,2021,5230.661733
Kyrgyz Republic,2021,1276.700365
Tajikistan,2021,897.0475103
Turkmenistan,2021,0
Uzbekistan,2021,1983.064723
